model,auc_roc,gini,ks_statistic,psi
Champion (Logistic Regression),0.7394178971266814,0.47883579425336276,35.43005962671111,6.416440780680055e-05
Challenger (XGBoost),0.8139214773567698,0.6278429547135396,48.14702224731445,2.5544497303012753e-05
